part_no,section,voters,polling_station,polling_station_en,panchayat,panchayat_en,block,block_en,urban,lat,lon,pin
1,1-खेखेरपुर,,प्राथमिक विद्यालय खेखेरपुर,Primary School Khekherpur,खेखेरपुर,Khekherpur,पूर्वपुर,Purvapur,,24.86316,80.46758,
2,1-खेखेरपुर,,प्राथमिक विद्यालय खेखेरपुर,Primary School Khekherpur,खेखेरपुर,Khekherpur,पूर्वपुर,Purvapur,,24.864,80.46332,
3,1-खेखेरपुर,,प्राथमिक विद्यालय खेखेरपुर,Primary School Khekherpur,खेखेरपुर,Khekherpur,पूर्वपुर,Purvapur,,24.86047,80.46922,
4,1-देराबाखेड़ा,,प्राथमिक विद्यालय देराबाखेड़ा,Primary School Derabakhera,देराबाखेड़ा,Derabakhera,पूर्वपुर,Purvapur,,24.77055,80.46756,
5,1-देराबाखेड़ा,,प्राथमिक विद्यालय देराबाखेड़ा,Primary School Derabakhera,देराबाखेड़ा,Derabakhera,पूर्वपुर,Purvapur,,24.77136,80.4706,
6,1-ड़ाधोतीपुर,,प्राथमिक विद्यालय ड़ाधोतीपुर,Primary School Radhotipur,ड़ाधोतीपुर,Radhotipur,पूर्वपुर,Purvapur,,24.88493,80.52075,
7,1-लालापुर,,प्राथमिक विद्यालय लालापुर,Primary School Lalapur,लालापुर,Lalapur,पूर्वपुर,Purvapur,,24.78957,80.43679,
8,1-लालापुर,,प्राथमिक विद्यालय लालापुर,Primary School Lalapur,लालापुर,Lalapur,पूर्वपुर,Purvapur,,24.78699,80.44139,
9,1-लालापुर,,प्राथमिक विद्यालय लालापुर,Primary School Lalapur,लालापुर,Lalapur,पूर्वपुर,Purvapur,,24.7855,80.44293,
10,1-बावीगांव,,प्राथमिक विद्यालय बावीगांव,Primary School Bavigaon,बावीगांव,Bavigaon,पूर्वपुर,Purvapur,,24.88103,80.47328,
11,1-पुसोगांव,,प्राथमिक विद्यालय पुसोगांव,Primary School Pusogaon,पुसोगांव,Pusogaon,पूर्वपुर,Purvapur,,24.84418,80.53236,
12,1-पुसोगांव,,प्राथमिक विद्यालय पुसोगांव,Primary School Pusogaon,पुसोगांव,Pusogaon,पूर्वपुर,Purvapur,,24.8451,80.53943,
13,1-नगदेपुर,,प्राथमिक विद्यालय नगदेपुर,Primary School Nagdepur,नगदेपुर,Nagdepur,पूर्वपुर,Purvapur,,24.7619,80.41864,
14,1-लाशननगखेड़ा,,प्राथमिक विद्यालय लाशननगखेड़ा,Primary School Lashannagkhera,लाशननगखेड़ा,Lashannagkhera,पूर्वपुर,Purvapur,,24.83512,80.42968,
15,1-शनहागांव,,प्राथमिक विद्यालय शनहागांव,Primary School Shanhagaon,शनहागांव,Shanhagaon,पूर्वपुर,Purvapur,,24.81709,80.41884,
16,1-किबागांव,,प्राथमिक विद्यालय किबागांव,Primary School Kibagaon,किबागांव,Kibagaon,पश्चिमगढ़,Pashchimgarh,,24.92903,80.24256,
17,1-किबागांव,,प्राथमिक विद्यालय किबागांव,Primary School Kibagaon,किबागांव,Kibagaon,पश्चिमगढ़,Pashchimgarh,,24.92795,80.24357,
18,1-किबागांव,,प्राथमिक विद्यालय किबागांव,Primary School Kibagaon,किबागांव,Kibagaon,पश्चिमगढ़,Pashchimgarh,,24.93165,80.23921,
19,1-रामामापुर,,प्राथमिक विद्यालय रामामापुर,Primary School Ramamapur,रामामापुर,Ramamapur,पश्चिमगढ़,Pashchimgarh,,25.00793,80.35409,
20,1-किबानगखेड़ा,,प्राथमिक विद्यालय किबानगखेड़ा,Primary School Kibanagkhera,किबानगखेड़ा,Kibanagkhera,पश्चिमगढ़,Pashchimgarh,,24.93642,80.25995,
21,1-गढ़मापुर,,प्राथमिक विद्यालय गढ़मापुर,Primary School Garhmapur,गढ़मापुर,Garhmapur,पश्चिमगढ़,Pashchimgarh,,24.91637,80.2562,
22,1-गढ़मापुर,,प्राथमिक विद्यालय गढ़मापुर,Primary School Garhmapur,गढ़मापुर,Garhmapur,पश्चिमगढ़,Pashchimgarh,,24.91497,80.25238,
23,1-पुधोगांव,,प्राथमिक विद्यालय पुधोगांव,Primary School Pudhogaon,पुधोगांव,Pudhogaon,पश्चिमगढ़,Pashchimgarh,,24.90794,80.33067,
24,1-किमपुर,,प्राथमिक विद्यालय किमपुर,Primary School Kimpur,किमपुर,Kimpur,पश्चिमगढ़,Pashchimgarh,,24.9559,80.23924,
25,1-किमपुर,,प्राथमिक विद्यालय किमपुर,Primary School Kimpur,किमपुर,Kimpur,पश्चिमगढ़,Pashchimgarh,,24.95841,80.23757,
26,1-किमपुर,,प्राथमिक विद्यालय किमपुर,Primary School Kimpur,किमपुर,Kimpur,पश्चिमगढ़,Pashchimgarh,,24.95845,80.2395,
27,1-किलीखेड़ा,,प्राथमिक विद्यालय किलीखेड़ा,Primary School Kilikhera,किलीखेड़ा,Kilikhera,पश्चिमगढ़,Pashchimgarh,,24.87657,80.2951,
28,1-बाड़ापुर,,प्राथमिक विद्यालय बाड़ापुर,Primary School Barapur,बाड़ापुर,Barapur,पश्चिमगढ़,Pashchimgarh,,24.91469,80.34127,
29,1-बाड़ापुर,,प्राथमिक विद्यालय बाड़ापुर,Primary School Barapur,बाड़ापुर,Barapur,पश्चिमगढ़,Pashchimgarh,,24.91443,80.3425,
30,1-खेतीखेड़ा,,प्राथमिक विद्यालय खेतीखेड़ा,Primary School Khetikhera,खेतीखेड़ा,Khetikhera,पश्चिमगढ़,Pashchimgarh,,24.94549,80.22963,
31,1-खेतीखेड़ा,,प्राथमिक विद्यालय खेतीखेड़ा,Primary School Khetikhera,खेतीखेड़ा,Khetikhera,पश्चिमगढ़,Pashchimgarh,,24.94989,80.23398,
32,1-खेतीखेड़ा,,प्राथमिक विद्यालय खेतीखेड़ा,Primary School Khetikhera,खेतीखेड़ा,Khetikhera,पश्चिमगढ़,Pashchimgarh,,24.94774,80.22986,
33,1-रापुगांव,,प्राथमिक विद्यालय रापुगांव,Primary School Rapugaon,रापुगांव,Rapugaon,पश्चिमगढ़,Pashchimgarh,,24.99835,80.32637,
34,1-लीसोगांव,,प्राथमिक विद्यालय लीसोगांव,Primary School Lisogaon,लीसोगांव,Lisogaon,नदीपार,Nadipar,,24.79973,80.09002,
35,1-लीसोगांव,,प्राथमिक विद्यालय लीसोगांव,Primary School Lisogaon,लीसोगांव,Lisogaon,नदीपार,Nadipar,,24.8048,80.09008,
36,1-लीसोगांव,,प्राथमिक विद्यालय लीसोगांव,Primary School Lisogaon,लीसोगांव,Lisogaon,नदीपार,Nadipar,,24.80158,80.08938,
37,1-पुनगपुर,,प्राथमिक विद्यालय पुनगपुर,Primary School Punagpur,पुनगपुर,Punagpur,नदीपार,Nadipar,,24.76591,80.15055,
38,1-पुनगपुर,,प्राथमिक विद्यालय पुनगपुर,Primary School Punagpur,पुनगपुर,Punagpur,नदीपार,Nadipar,,24.76926,80.15186,
39,1-पुनगपुर,,प्राथमिक विद्यालय पुनगपुर,Primary School Punagpur,पुनगपुर,Punagpur,नदीपार,Nadipar,,24.76577,80.15355,
40,1-मखेपुर,,प्राथमिक विद्यालय मखेपुर,Primary School Mkhepur,मखेपुर,Mkhepur,नदीपार,Nadipar,,24.8782,80.13932,
41,1-लीड़ाबापुर,,प्राथमिक विद्यालय लीड़ाबापुर,Primary School Lirabapur,लीड़ाबापुर,Lirabapur,नदीपार,Nadipar,,24.78907,80.21312,
42,1-शनमागढ़गांव,,प्राथमिक विद्यालय शनमागढ़गांव,Primary School Shanmagarhgaon,शनमागढ़गांव,Shanmagarhgaon,नदीपार,Nadipar,,24.86896,80.10891,
43,1-शनमागढ़गांव,,प्राथमिक विद्यालय शनमागढ़गांव,Primary School Shanmagarhgaon,शनमागढ़गांव,Shanmagarhgaon,नदीपार,Nadipar,,24.86529,80.10596,
44,1-हासोपुर,,प्राथमिक विद्यालय हासोपुर,Primary School Hasopur,हासोपुर,Hasopur,नदीपार,Nadipar,,24.77847,80.18476,
45,1-हासोपुर,,प्राथमिक विद्यालय हासोपुर,Primary School Hasopur,हासोपुर,Hasopur,नदीपार,Nadipar,,24.77812,80.19051,
46,1-हासोपुर,,प्राथमिक विद्यालय हासोपुर,Primary School Hasopur,हासोपुर,Hasopur,नदीपार,Nadipar,,24.78106,80.187,
47,1-रामागांव,,प्राथमिक विद्यालय रामागांव,Primary School Ramagaon,रामागांव,Ramagaon,नदीपार,Nadipar,,24.76162,80.15845,
48,1-मरवीपुर,,प्राथमिक विद्यालय मरवीपुर,Primary School Mrvipur,मरवीपुर,Mrvipur,नदीपार,Nadipar,,24.87267,80.07678,
49,1-मरवीपुर,,प्राथमिक विद्यालय मरवीपुर,Primary School Mrvipur,मरवीपुर,Mrvipur,नदीपार,Nadipar,,24.86702,80.0808,
50,1-गढ़तीपुर,,प्राथमिक विद्यालय गढ़तीपुर,Primary School Garhtipur,गढ़तीपुर,Garhtipur,नदीपार,Nadipar,,24.7857,80.21954,
51,1-गढ़तीपुर,,प्राथमिक विद्यालय गढ़तीपुर,Primary School Garhtipur,गढ़तीपुर,Garhtipur,नदीपार,Nadipar,,24.78575,80.21734,
52,1-गढ़तीपुर,,प्राथमिक विद्यालय गढ़तीपुर,Primary School Garhtipur,गढ़तीपुर,Garhtipur,नदीपार,Nadipar,,24.78103,80.21959,
53,1-रामधोपुर,,प्राथमिक विद्यालय रामधोपुर,Primary School Ramdhopur,रामधोपुर,Ramdhopur,नदीपार,Nadipar,,24.75081,80.14087,
54,1-वीबाकिगांव,,प्राथमिक विद्यालय वीबाकिगांव,Primary School Vibakigaon,वीबाकिगांव,Vibakigaon,नदीपार,Nadipar,,24.7687,80.09792,
55,1-सोहाखेखेड़ा,,प्राथमिक विद्यालय सोहाखेखेड़ा,Primary School Sohakhekhera,सोहाखेखेड़ा,Sohakhekhera,नदीपार,Nadipar,,24.87042,80.14306,
56,1-सोहाखेखेड़ा,,प्राथमिक विद्यालय सोहाखेखेड़ा,Primary School Sohakhekhera,सोहाखेखेड़ा,Sohakhekhera,नदीपार,Nadipar,,24.86941,80.14538,
57,1-वार्ड 1,,प्राथमिक विद्यालय वार्ड 1,Primary School Ward 1,वार्ड 1,Ward 1,डेमो नगर शहर,Demo Nagar City,yes,24.75505,80.32602,
58,1-वार्ड 1,,प्राथमिक विद्यालय वार्ड 1,Primary School Ward 1,वार्ड 1,Ward 1,डेमो नगर शहर,Demo Nagar City,yes,24.7572,80.32205,
59,1-वार्ड 1,,प्राथमिक विद्यालय वार्ड 1,Primary School Ward 1,वार्ड 1,Ward 1,डेमो नगर शहर,Demo Nagar City,yes,24.75514,80.3221,
60,1-वार्ड 1,,प्राथमिक विद्यालय वार्ड 1,Primary School Ward 1,वार्ड 1,Ward 1,डेमो नगर शहर,Demo Nagar City,yes,24.75754,80.32388,
61,1-वार्ड 1,,प्राथमिक विद्यालय वार्ड 1,Primary School Ward 1,वार्ड 1,Ward 1,डेमो नगर शहर,Demo Nagar City,yes,24.75851,80.32537,
62,1-वार्ड 1,,प्राथमिक विद्यालय वार्ड 1,Primary School Ward 1,वार्ड 1,Ward 1,डेमो नगर शहर,Demo Nagar City,yes,24.75418,80.32224,
63,1-वार्ड 2,,प्राथमिक विद्यालय वार्ड 2,Primary School Ward 2,वार्ड 2,Ward 2,डेमो नगर शहर,Demo Nagar City,yes,24.75899,80.2958,
64,1-वार्ड 2,,प्राथमिक विद्यालय वार्ड 2,Primary School Ward 2,वार्ड 2,Ward 2,डेमो नगर शहर,Demo Nagar City,yes,24.76519,80.29485,
65,1-वार्ड 2,,प्राथमिक विद्यालय वार्ड 2,Primary School Ward 2,वार्ड 2,Ward 2,डेमो नगर शहर,Demo Nagar City,yes,24.76311,80.29109,
66,1-वार्ड 2,,प्राथमिक विद्यालय वार्ड 2,Primary School Ward 2,वार्ड 2,Ward 2,डेमो नगर शहर,Demo Nagar City,yes,24.76017,80.29636,
67,1-वार्ड 2,,प्राथमिक विद्यालय वार्ड 2,Primary School Ward 2,वार्ड 2,Ward 2,डेमो नगर शहर,Demo Nagar City,yes,24.76417,80.29116,
68,1-वार्ड 3,,प्राथमिक विद्यालय वार्ड 3,Primary School Ward 3,वार्ड 3,Ward 3,डेमो नगर शहर,Demo Nagar City,yes,24.75658,80.30618,
69,1-वार्ड 3,,प्राथमिक विद्यालय वार्ड 3,Primary School Ward 3,वार्ड 3,Ward 3,डेमो नगर शहर,Demo Nagar City,yes,24.75969,80.30677,
70,1-वार्ड 3,,प्राथमिक विद्यालय वार्ड 3,Primary School Ward 3,वार्ड 3,Ward 3,डेमो नगर शहर,Demo Nagar City,yes,24.75711,80.30615,
71,1-वार्ड 3,,प्राथमिक विद्यालय वार्ड 3,Primary School Ward 3,वार्ड 3,Ward 3,डेमो नगर शहर,Demo Nagar City,yes,24.75896,80.30199,
72,1-वार्ड 3,,प्राथमिक विद्यालय वार्ड 3,Primary School Ward 3,वार्ड 3,Ward 3,डेमो नगर शहर,Demo Nagar City,yes,24.75602,80.30298,
73,1-वार्ड 4,,प्राथमिक विद्यालय वार्ड 4,Primary School Ward 4,वार्ड 4,Ward 4,डेमो नगर शहर,Demo Nagar City,yes,24.77028,80.30509,
74,1-वार्ड 4,,प्राथमिक विद्यालय वार्ड 4,Primary School Ward 4,वार्ड 4,Ward 4,डेमो नगर शहर,Demo Nagar City,yes,24.77164,80.30838,
75,1-वार्ड 4,,प्राथमिक विद्यालय वार्ड 4,Primary School Ward 4,वार्ड 4,Ward 4,डेमो नगर शहर,Demo Nagar City,yes,24.77421,80.30666,
76,1-वार्ड 4,,प्राथमिक विद्यालय वार्ड 4,Primary School Ward 4,वार्ड 4,Ward 4,डेमो नगर शहर,Demo Nagar City,yes,24.77172,80.30556,
77,1-वार्ड 4,,प्राथमिक विद्यालय वार्ड 4,Primary School Ward 4,वार्ड 4,Ward 4,डेमो नगर शहर,Demo Nagar City,yes,24.77322,80.30334,
